LOAN_ACCT_NUM,BORROWER_FIRST_NAME,BORROWER_LAST_NAME,BORROWER_DOB,BORROWER_EMAIL,BORROWER_PHONE,CO_BORROWER_FIRST_NAME,CO_BORROWER_LAST_NAME,PROP_STREET_NUM,PROP_STREET,PROP_SUBURB,PROP_STATE,PROP_POSTCODE,PROP_TYPE,PURCHASE_PRICE,ORIG_AMOUNT,CURRENT_BALANCE,CURRENT_RATE,RATE_TYPE,LOAN_TERM_MONTHS,ORIGINATION_DATE,SETTLEMENT_DATE,STATUS,REPAY_FREQUENCY,REPAY_AMOUNT,LVR,LMI_FLAG,LMI_PREMIUM,EMPLOYER_NAME,EMPLOYMENT_TYPE,GROSS_ANNUAL_INCOME,NET_MONTHLY_INCOME,MONTHLY_EXPENSES,CREDIT_CARD_BALANCE,OTHER_LIABILITIES,PROPERTY_VALUE_EST,VALUATION_DATE,INSURANCE_PROVIDER,BROKER_NAME,BROKER_CODE,BRANCH_CODE,INTERNAL_SCORE,ARREARS_DAYS,ARREARS_AMOUNT,LAST_PAYMENT_DATE,LAST_PAYMENT_AMOUNT,OFFSET_BALANCE,REDRAW_BALANCE,OFFSET_ACCT_NUM,REDRAW_ENABLED,INTEREST_ONLY_FLAG,IO_EXPIRY_DATE,FIXED_RATE_EXPIRY,DISCOUNT_MARGIN,PRODUCT_CODE,PRODUCT_NAME,CHANNEL,PURPOSE,SECURITY_TYPE,TITLE_REF,COUNCIL_AREA,ZONING,NUM_BEDROOMS,NUM_BATHROOMS,LAND_AREA_SQM,FLOOR_AREA_SQM,YEAR_BUILT,STRATA_FLAG,STRATA_LEVY,BODY_CORP_NAME,GUARANTOR_FLAG,GUARANTOR_NAME,GUARANTOR_RELATIONSHIP,FEE_PACKAGE,ANNUAL_FEE,APPLICATION_ID,LOAN_GROUP_ID,SETTLEMENT_AGENT,SOLICITOR_NAME,DISCHARGE_DATE,DISCHARGE_REASON,NOTES,LAST_UPDATED
ACT-0000001,Elijah,Walker,27/09/1987,elijah.walker@optusnet.com.au,0419796918,,,93,George Parade,Unley,SA,5061,House,260200.00,236521.80,178523.02,,Variable,360,11/11/2018,02/12/2018,ACTIVE,Monthly,1147.62,90.9,,,University of Sydney,Contract,56283.65,3377.02,6906.78,14610.54,24028.73,344166.01,11/01/2020,,Mortgage Choice,BRK-1453,BR-030,673,0,0.00,27/03/2025,1147.62,,,,N,N,,,0.06,HL-PKG-FIX,Package Fixed,Broker,Renovation,Registered First Mortgage,CT-501386,Unley Council,Mixed Use,2,1,357,134,2024,N,,,N,,,Gold,395.00,APP-00010000,GRP-000001,Conveyancing Works,Slater & Gordon,,,,12/03/2025
ACT-0000002,Olivia,Anderson,15/08/1991,olivia.anderson@outlook.com,0472207597,Emily,Anderson,29,Main Boulevard,Doncaster,VIC,3108,House,899400.00,699733.20,592473.58,0.555,Variable,360,21/05/2023,02/07/2023,ACTIVE,Monthly,4497.99,77.8,N,,,,144359.56,8661.57,,14663.73,19737.87,1025526.42,21/02/2024,Allianz Australia,,,BR-109,706,0,0.00,13/01/2025,4497.99,64161.62,,OFF-0000002,N,Y,21/05/2024,,1.12,HL-LDL-VAR,Low Doc Variable,Broker,Construction,Registered First Mortgage,CT-196166,Doncaster Council,Mixed Use,1,3,222,245,1979,N,,,N,,,Gold,395.00,APP-00010001,GRP-000001,Settlex,Gadens,,,,11/03/2025
ACT-0000003,Barbara,Smith,25/09/1964,barbara.smith@icloud.com,0452974359,,,,Smith Lane,Subiaco,WA,6008,Townhouse,478500.00,314853.00,252676.45,0.335,Fixed,360,23/06/2022,13/07/2022,ACTIVE,Monthly,1506.16,65.8,N,,,Contract,151009.06,9060.54,,12834.45,32905.17,550401.84,23/04/2024,ANZ Lenders Mortgage Insurance,PLAN Australia,BRK-1410,BR-067,319,0,0.00,18/03/2025,1506.16,,1208.08,,Y,Y,23/06/2023,23/06/2024,,HL-STD-FIX,Standard Fixed,Broker,Equity Release,Registered Second Mortgage,CT-577839,Subiaco Council,Residential,3,1,510,85,2020,Y,1677.29,SP 00527,N,,,None,0.00,APP-00010002,GRP-000001,Conveyancing Works,Holding Redlich,,,,02/03/2025
ACT-0000004,Thomas,Kelly,15/06/1996,thomas.kelly@optusnet.com.au,0408953593,,,154,Banksia Close,Cranbourne,VIC,3977,Unit,292200.00,224409.60,190806.22,,Variable,360,26/11/2021,19/12/2021,ACTIVE,Monthly,1362.35,76.8,N,,Commonwealth Bank,Contract,169210.83,10152.65,7302.58,9695.29,4842.92,365814.46,26/07/2022,Helia,,,BR-049,329,0,0.00,01/02/2025,1362.35,,14873.08,,Y,N,,,0.75,HL-IO-FIX,Interest Only Fixed,Broker,Purchase,Registered Second Mortgage,CT-639490,Cranbourne Council,Residential,3,1,814,238,1988,Y,553.42,SP 07623,N,,,Platinum,595.00,APP-00010003,GRP-000002,Conveyancing Works,Maurice Blackburn,,,,06/03/2025
ACT-0000005,Steven,King,03/05/1960,steven.king@outlook.com,0487079541,,,186,Harbour Court,Bendigo,VIC,3550,House,756100.00,468025.90,428191.56,0.296,Fixed,360,03/05/2024,03/06/2024,ACTIVE,Monthly,2113.85,61.9,N,,Woodside Energy,PAYG,181130.48,10867.83,7913.03,14231.97,,846452.31,03/11/2024,,Mortgage Choice,BRK-4074,BR-125,316,0,0.00,06/01/2025,2113.85,67238.69,,OFF-0000005,N,Y,03/05/2029,03/05/2029,,HL-IO-VAR,Interest Only Variable,Broker,Investment,Registered Second Mortgage,CT-874456,Bendigo Council,Rural Residential,4,2,432,238,1980,N,,,N,,,None,0.00,APP-00010004,GRP-000002,Nationwide Conveyancing,Mills Oakley,,,,01/03/2025
ACT-0000006,Ava,Parker,18/11/1983,ava.parker@icloud.com,0403349213,,,111,William Street,Glenelg,SA,5045,Unit,150000.00,120150.00,90756.08,0.479,Variable,360,23/05/2020,08/06/2020,ACTIVE,Monthly,701.31,80.1,,,Transurban Group,Contract,,,,11681.94,36834.01,182805.85,,,,,BR-044,672,0,0.00,03/03/2025,701.31,,27069.82,,Y,N,,,0.57,HL-PKG-VAR,Package Variable,Mobile,Purchase,Equitable Mortgage,CT-667241,Glenelg Council,Rural Residential,1,2,319,263,1965,Y,2568.95,SP 25581,N,,,Silver,295.00,APP-00010005,GRP-000002,PEXA Direct,Mills Oakley,,,,08/03/2025
ACT-0000007,Ella,Watson,04/07/1957,ella.watson@hotmail.com,0476695759,,,108,Victoria Circuit,Gosford,NSW,2250,Unit,512800.00,431264.80,331244.11,,Variable,360,11/09/2020,12/10/2020,ACTIVE,Monthly,7947.26,84.1,Y,4834.85,Coles Group,Contract,219717.81,13183.07,4339.27,12004.00,,647216.58,11/01/2021,,Connective,BRK-1587,BR-133,867,0,0.00,21/02/2025,7947.26,30930.99,,OFF-0000007,N,N,,,0.91,HL-INV-FIX,Investor Fixed,Broker,Investment,Equitable Mortgage,CT-341681,Gosford Council,Rural Residential,4,1,414,124,2001,Y,1828.68,SP 16759,N,,,Gold,395.00,APP-00010006,GRP-000003,Conveyancing Works,Slater & Gordon,,,,13/03/2025
ACT-0000008,Thomas,Morris,21/01/1971,thomas.morris@gmail.com,0422328388,Daniel,Morris,162,Acacia Circuit,Brunswick,VIC,3056,House,581000.00,339885.00,238852.11,0.503,Variable,300,20/11/2018,31/12/2018,ACTIVE,Monthly,2196.96,58.5,N,,,Contract,,,3750.66,12116.87,42417.83,803360.28,20/01/2019,Helia,AFG,BRK-0697,BR-054,401,0,0.00,04/03/2025,2196.96,,28231.48,,Y,N,,,0.53,HL-STD-VAR,Standard Variable,Broker,Refinance,Equitable Mortgage,CT-652111,Brunswick Council,Rural Residential,1,2,732,340,2010,N,,,N,,,Silver,295.00,APP-00010007,GRP-000003,PEXA Direct,HWL Ebsworth,,,,28/03/2025
ACT-0000009,Lisa,Morgan,24/11/1977,lisa.morgan@yahoo.com.au,0485959016,,,168,Pacific Parade,Southbank,QLD,4101,House,342400.00,232489.60,215407.48,0.534,Variable,360,15/06/2024,13/07/2024,ACTIVE,Weekly,335.94,67.9,N,,,,194134.97,11648.10,7828.39,2291.32,36082.62,368132.41,15/12/2024,,,,BR-028,641,0,0.00,13/03/2025,335.94,,,,N,N,,,1.19,HL-STD-VAR,Standard Variable,Phone,Construction,Registered First Mortgage,CT-524948,Southbank Council,Rural Residential,1,2,869,95,2003,N,,,N,,,None,0.00,APP-00010008,GRP-000003,Settlex,Slater & Gordon,,,,02/03/2025
ACT-0000010,Ashley,Parker,03/11/1977,ashley.parker@icloud.com,0453780384,,,36,Market Parade,Parramatta,NSW,2150,Unit,614800.00,344288.00,203224.34,0.425,Fixed,360,05/02/2014,24/02/2014,ACTIVE,Monthly,1868.79,56.0,N,,REA Group,PAYG,229339.44,13760.37,5928.45,1909.11,18883.94,923139.17,,Suncorp,Connective,BRK-4142,BR-077,358,0,0.00,10/02/2025,1868.79,,21735.94,,Y,N,,05/02/2016,,HL-PKG-VAR,Package Variable,Broker,Construction,Registered First Mortgage,CT-616482,Parramatta Council,Residential,4,3,404,123,2015,Y,2850.62,SP 80615,N,,,Platinum,595.00,APP-00010009,GRP-000004,Conveyancing Works,Mills Oakley,,,,12/03/2025
ACT-0000011,Sarah,Harris,04/05/1964,sarah.harris@hotmail.com,0419193445,,,35,Market Court,Camden,NSW,2570,House,393200.00,361744.00,301282.06,0.550,Variable,360,01/12/2022,24/12/2022,ACTIVE,Weekly,533.22,92.0,Y,7380.91,,PAYG,218660.97,13119.66,3061.32,2245.59,26212.95,459723.93,01/11/2023,Genworth,,,BR-096,816,0,0.00,11/02/2025,533.22,31534.02,27917.80,OFF-0000011,Y,N,,,0.19,HL-BRG-VAR,Bridging Variable,Branch,Construction,Registered Second Mortgage,CT-500082,Camden Council,Mixed Use,1,3,838,201,1988,N,,,N,,,None,0.00,APP-00010010,GRP-000004,Conveyancing Works,Maurice Blackburn,,,Manual review required,17/03/2025
ACT-0000012,Robert,Brown,04/02/1982,robert.brown@outlook.com,0446477683,Matthew,Cox,199,High Lane,Devonport,TAS,7310,Townhouse,301800.00,230273.40,217473.73,0.610,Split,300,23/07/2025,13/08/2025,ACTIVE,Monthly,1674.27,76.3,N,,Kmart Australia,PAYG,,,4032.52,417.47,19969.70,331017.40,,Helia,,,BR-083,742,0,0.00,27/03/2025,1674.27,,,,N,N,,,,HL-FHB-VAR,First Home Buyer Variable,Online,Renovation,Registered Second Mortgage,CT-687469,Devonport Council,Mixed Use,3,2,361,279,2013,Y,2618.26,SP 04709,N,,,Bronze,195.00,APP-00010011,GRP-000004,Easy Settlements,Mills Oakley,,,Manual review required,20/03/2025
ACT-0000013,Noah,Robinson,09/02/1993,noah.robinson@hotmail.com,0402839808,,,71,Market Street,Ballarat,VIC,3350,House,535500.00,345933.00,248889.16,,Variable,300,24/07/2018,31/08/2018,ACTIVE,Monthly,1952.15,64.6,N,,,,142743.71,8564.62,2082.94,14501.85,,715998.94,24/02/2020,Allianz Australia,Yellow Brick Road,BRK-2609,BR-100,454,0,0.00,26/02/2025,1952.15,,11316.27,,Y,N,,,0.49,HL-SMSF-VAR,SMSF Variable,Broker,Purchase,Registered First Mortgage,CT-324480,Ballarat Council,Residential,4,3,569,367,1983,N,,,N,,,Silver,295.00,APP-00010012,GRP-000005,Settlex,Holding Redlich,,,,13/03/2025
ACT-0000014,Linda,Cooper,12/04/1964,linda.cooper@hotmail.com,0439339913,,,69,High Place,Melton,VIC,3337,Unit,541700.00,438777.00,315555.37,1.812,Fixed,360,28/05/2016,01/07/2016,ACTIVE,Monthly,7963.95,81.0,,,,PAYG,114106.54,6846.39,6498.88,,,746706.51,28/07/2016,CommInsure,,,BR-077,710,0,0.00,28/01/2025,7963.95,,,,N,N,,28/05/2018,,HL-FHB-VAR,First Home Buyer Variable,Branch,Purchase,Registered First Mortgage,CT-924394,Melton Council,Residential,3,2,834,377,2022,Y,3091.58,SP 65866,N,,,Silver,295.00,APP-00010013,GRP-000005,Nationwide Conveyancing,Holding Redlich,,,,02/03/2025
ACT-0000015,Ashley,Evans,07/04/2000,ashley.evans@gmail.com,0460015847,,,105,Church Street,Toowong,QLD,4066,House,410700.00,323631.60,279650.97,0.535,Split,360,14/03/2022,09/04/2022,CLOSED,Weekly,468.06,78.8,N,,,,126873.87,7612.43,,1146.81,37565.07,491280.89,14/01/2024,Suncorp,,,BR-066,354,0,0.00,,,,,,N,N,,,,HL-PKG-VAR,Package Variable,Mobile,Construction,Registered First Mortgage,CT-068799,Toowong Council,Rural Residential,3,3,462,341,1981,N,,,N,,,None,0.00,APP-00010014,GRP-000005,PEXA Direct,Mills Oakley,13/02/2025,Transferred,,21/03/2025
ACT-0000016,Linda,Anderson,22/11/1999,linda.anderson@gmail.com,0419932880,,,161,William Terrace,Bendigo,VIC,3550,Townhouse,452500.00,370597.50,257487.71,0.385,Variable,360,24/10/2017,05/12/2017,ACTIVE,Monthly,1903.55,81.9,,,HCF,PAYG,110492.45,6629.55,6899.78,4020.73,33532.92,631066.34,24/10/2017,QBE Insurance,Loan Market,BRK-4999,BR-185,826,0,0.00,03/02/2025,1903.55,49875.51,,OFF-0000016,N,N,,,0.14,HL-SMSF-VAR,SMSF Variable,Broker,Refinance,Registered Second Mortgage,CT-088771,Bendigo Council,Rural Residential,2,1,588,112,1997,N,,,N,,,Bronze,195.00,APP-00010015,GRP-000006,Nationwide Conveyancing,Slater & Gordon,,,,06/03/2025
ACT-0000017,David,Peterson,02/07/1994,david.peterson@icloud.com,0490272164,,,81,Station Road,Chermside,QLD,4032,Unit,459800.00,282777.00,230083.63,0.505,Variable,300,06/12/2022,10/01/2023,ACTIVE,Fortnightly,845.40,61.5,N,,Xero Australia,PAYG,68985.75,4139.15,5665.48,9466.71,45428.29,542243.28,06/11/2024,Allianz Australia,,,BR-109,886,0,0.00,01/01/2025,845.40,,682.79,,Y,N,,,0.54,HL-INV-VAR,Investor Variable,Phone,Construction,Registered Second Mortgage,CT-137762,Chermside Council,Residential,3,2,865,273,2013,Y,2145.48,SP 96907,N,,,Platinum,595.00,APP-00010016,GRP-000006,Settlex,Maurice Blackburn,,,,27/03/2025
ACT-0000018,Linda,Taylor,20/12/1961,linda.taylor@outlook.com,0488414111,Benjamin,Taylor,41,Smith Boulevard,Penrith,NSW,2750,Townhouse,323700.00,194867.40,142753.25,0.382,Fixed,360,20/11/2017,30/12/2017,ACTIVE,Monthly,997.00,60.2,N,,Deloitte Australia,PAYG,,,,,,459851.59,,IAG,Connective,BRK-4535,BR-153,389,0,0.00,20/02/2025,997.00,,17706.54,,Y,N,,20/11/2019,,HL-CON-VAR,Construction Variable,Broker,Renovation,Equitable Mortgage,CT-765184,Penrith Council,Mixed Use,4,1,353,212,2009,Y,2740.31,SP 87684,N,,,Gold,395.00,APP-00010017,GRP-000006,Easy Settlements,Mills Oakley,,,,14/03/2025
ACT-0000019,Michael,Johnson,07/03/1973,michael.johnson@bigpond.com,0491492656,,,61,Park Boulevard,Doncaster,VIC,3108,House,473200.00,362471.20,334650.89,,Variable,360,04/09/2025,21/09/2025,ACTIVE,Weekly,584.49,76.6,N,,Wesfarmers,Contract,182968.34,10978.10,5813.03,14494.51,3730.88,517075.34,04/11/2025,,,,BR-126,523,0,0.00,01/03/2025,584.49,,,,N,N,,,1.26,HL-INV-VAR,Investor Variable,Mobile,Construction,Registered Second Mortgage,CT-673913,Doncaster Council,Residential,4,3,719,360,2014,N,,,N,,,Gold,395.00,APP-00010018,GRP-000007,Nationwide Conveyancing,Gadens,,,,15/03/2025
ACT-0000020,Richard,Campbell,04/05/1995,richard.campbell@gmail.com,0446096501,,,85,Ocean Place,Cranbourne,VIC,3977,Unit,337400.00,313444.60,230267.47,0.466,Variable,360,05/05/2019,26/05/2019,ACTIVE,Monthly,1797.51,92.9,Y,5876.80,,,210240.07,12614.40,,5737.94,,458786.63,05/02/2020,,Liberty Network Services,BRK-3306,BR-096,615,0,0.00,09/01/2025,1797.51,1936.05,,OFF-0000020,N,Y,05/05/2022,,1.37,HL-STD-VAR,Standard Variable,Broker,Construction,Registered First Mortgage,CT-617158,Cranbourne Council,Mixed Use,3,1,993,330,2006,Y,3019.43,SP 73349,N,,,Gold,395.00,APP-00010019,GRP-000007,Settlex,Mills Oakley,,,,24/03/2025
ACT-0000021,Karen,Jones,21/10/1987,karen.jones@gmail.com,0437802469,Archer,Jones,83,King Crescent,Glenelg,SA,5045,House,411700.00,379587.40,260562.00,0.427,Variable,360,15/09/2018,03/10/2018,ACTIVE,Monthly,2066.00,92.2,Y,10624.35,QLD Government,Contract,198316.36,11898.98,6570.49,11543.52,5958.80,551842.58,15/02/2019,,Finsure,BRK-1083,BR-033,300,0,0.00,19/01/2025,2066.00,,8860.39,,Y,Y,15/09/2021,,1.49,HL-CON-VAR,Construction Variable,Broker,Renovation,Registered Second Mortgage,CT-422755,Glenelg Council,Residential,2,3,629,96,1972,N,,,N,,,Platinum,595.00,APP-00010020,GRP-000007,Settlex,Holding Redlich,,,,17/03/2025
ACT-0000022,Alexander,Parker,14/02/1990,alexander.parker@gmail.com,0489511486,,,174,Railway Way,,VIC,3977,House,604300.00,418175.60,312632.71,0.625,Fixed,180,01/11/2019,05/12/2019,ACTIVE,Monthly,3875.72,69.2,N,,Westpac Group,Contract,156066.61,9364.00,6229.22,11166.15,16505.32,775368.12,01/11/2019,,National Mortgage Brokers,BRK-3060,BR-044,880,0,0.00,14/01/2025,3875.72,,,,N,N,,01/11/2024,,HL-PKG-FIX,Package Fixed,Broker,Construction,Registered First Mortgage,CT-657377,Cranbourne Council,Residential,4,2,588,216,1989,N,,,N,,,None,0.00,APP-00010021,GRP-000008,Settlex,Maurice Blackburn,,,,24/03/2025
ACT-0000023,Steven,Martin,25/03/1992,steven.martin@icloud.com,0410065702,Linda,Martin,184,Victoria Street,Liverpool,NSW,2170,Unit,296500.00,228898.00,192384.02,,Variable,360,07/11/2023,25/11/2023,ACTIVE,Monthly,1167.68,77.2,N,,JB Hi-Fi,PAYG,56939.10,3416.35,5432.80,1067.14,48078.82,356730.71,07/01/2024,Allianz Australia,PLAN Australia,BRK-1781,BR-149,721,0,0.00,09/01/2025,1167.68,,6163.81,,Y,Y,07/11/2028,,0.59,HL-IO-FIX,Interest Only Fixed,Broker,Construction,Registered First Mortgage,CT-758558,Liverpool Council,Mixed Use,2,2,777,232,1963,Y,2896.53,SP 32082,N,,,Platinum,595.00,APP-00010022,GRP-000008,PEXA Direct,Slater & Gordon,,,,27/03/2025
ACT-0000024,Logan,Peterson,17/05/1972,logan.peterson@gmail.com,0450397246,Steven,Peterson,197,,,NSW,2200,Townhouse,801500.00,671657.00,502028.80,0.334,Variable,360,23/05/2020,30/06/2020,ACTIVE,Weekly,740.71,83.8,Y,6062.86,,Contract,227627.09,13657.63,4701.36,,,1038352.75,23/04/2022,CommInsure,,,BR-180,533,0,0.00,14/01/2025,740.71,62287.70,,OFF-0000024,N,N,,,0.94,HL-INV-FIX,Investor Fixed,Phone,Refinance,Registered First Mortgage,CT-486074,Bankstown Council,Residential,1,3,728,158,2024,N,,,N,,,Gold,395.00,APP-00010023,GRP-000008,PEXA Direct,Holding Redlich,,,,17/03/2025
ACT-0000025,Joseph,Morris,19/11/1997,joseph.morris@outlook.com,0452292924,Elizabeth,Murphy,168,Church Court,Hawthorn,VIC,3122,Unit,439300.00,279834.10,238243.08,,Variable,360,10/06/2021,09/07/2021,ACTIVE,Monthly,1260.83,63.7,N,,JB Hi-Fi,Contract,116426.13,6985.57,5540.65,12832.61,,542419.99,,,,,BR-146,480,0,0.00,22/02/2025,1260.83,,,,N,Y,10/06/2023,,0.48,HL-PKG-FIX,Package Fixed,Phone,Refinance,Equitable Mortgage,CT-277850,Hawthorn Council,Mixed Use,4,2,508,324,2004,Y,1574.51,SP 24601,N,,,Bronze,195.00,APP-00010024,GRP-000009,Settlex,Maurice Blackburn,,,,12/03/2025
ACT-0000026,Emily,Anderson,20/02/1989,emily.anderson@gmail.com,0430265592,,,167,Pacific Lane,South Yarra,VIC,3141,House,316400.00,220847.20,154097.77,0.568,Variable,360,27/09/2018,31/10/2018,ACTIVE,Monthly,1442.55,69.8,N,,BHP Group,Contract,78889.77,4733.39,,7192.80,46199.74,421017.94,27/02/2020,,AFG,BRK-0484,BR-157,897,0,0.00,02/01/2025,1442.55,,,,N,N,,,1.15,HL-STD-FIX,Standard Fixed,Broker,Equity Release,Equitable Mortgage,CT-254560,South Yarra Council,Mixed Use,2,1,573,111,2002,N,,,N,,,Gold,395.00,APP-00010025,GRP-000009,Settlex,Maurice Blackburn,,,,08/03/2025
ACT-0000027,Richard,Phillips,15/01/1976,richard.phillips@gmail.com,0426431078,,,18,Charles Crescent,Scarborough,WA,6019,Unit,405700.00,281150.10,169772.35,0.413,Variable,360,24/05/2015,20/06/2015,ACTIVE,Monthly,1502.62,69.3,N,,University of Sydney,PAYG,210557.37,12633.44,2900.83,,36964.76,594714.55,,ANZ Lenders Mortgage Insurance,,,BR-056,344,0,0.00,18/03/2025,1502.62,71319.19,,OFF-0000027,N,N,,,0.08,HL-SPL-MIX,Split Rate Mix,Phone,Equity Release,Registered Second Mortgage,CT-950270,Scarborough Council,Residential,4,2,965,308,1998,Y,2866.04,SP 04683,N,,,Silver,295.00,APP-00010026,GRP-000009,PEXA Direct,Gadens,,,,25/03/2025
ACT-0000028,Sophie,Peterson,28/08/1971,sophie.peterson@yahoo.com.au,0496053317,,,37,Banksia Street,South Yarra,VIC,3141,Unit,582700.00,512776.00,471713.39,0.561,Variable,360,03/06/2023,24/06/2023,ACTIVE,Monthly,3319.19,88.0,,,,PAYG,241346.08,14480.77,2507.77,1944.10,37240.94,643900.71,03/03/2025,Genworth,,,BR-066,802,0,0.00,08/02/2025,3319.19,,18475.96,,Y,N,,,0.45,HL-STD-FIX,Standard Fixed,Online,Refinance,Registered Second Mortgage,CT-466708,South Yarra Council,Residential,2,2,252,263,1987,Y,2258.56,SP 31606,N,,,Platinum,595.00,APP-00010027,GRP-000010,Conveyancing Works,Holding Redlich,,,,08/03/2025
ACT-0000029,Andrew,Jones,04/02/1970,andrew.jones@gmail.com,0444662295,Archer,Baker,43,Station Lane,Fremantle,WA,6160,Townhouse,404300.00,257539.10,202678.58,0.375,Variable,360,19/11/2019,01/01/2020,ACTIVE,Monthly,1304.57,63.7,N,,,,249438.63,14966.32,5186.90,12947.13,47370.41,532863.97,19/01/2021,,AFG,BRK-4117,BR-127,341,0,0.00,10/01/2025,1304.57,2631.10,11399.90,OFF-0000029,Y,N,,,0.72,HL-LDL-VAR,Low Doc Variable,Broker,Renovation,Equitable Mortgage,CT-018037,Fremantle Council,Rural Residential,4,1,640,373,1986,Y,1140.18,SP 37481,N,,,Gold,395.00,APP-00010028,GRP-000010,Easy Settlements,Gadens,,,,16/03/2025
ACT-0000030,Olivia,Nguyen,26/06/1983,olivia.nguyen@outlook.com,0447463798,,,177,Victoria Way,Glen Waverley,VIC,3150,House,838800.00,750726.00,475778.62,0.622,Variable,360,08/07/2014,23/07/2014,ACTIVE,Weekly,1206.47,89.5,,,,,78740.51,4724.43,7482.81,1972.02,,1259978.41,08/01/2015,IAG,,,BR-085,606,0,0.00,02/03/2025,1206.47,,11603.50,,Y,N,,,0.96,HL-CON-VAR,Construction Variable,Broker,Renovation,Equitable Mortgage,CT-641910,Glen Waverley Council,Mixed Use,2,1,609,240,2013,N,,,N,,,Bronze,195.00,APP-00010029,GRP-000010,Conveyancing Works,Mills Oakley,,,,23/03/2025
ACT-0000031,William,Rogers,26/09/1965,william.rogers@gmail.com,0402236008,,,177,Charles Lane,Toorak,VIC,3142,Townhouse,300300.00,253753.50,201851.12,0.372,Split,360,18/11/2021,08/12/2021,ACTIVE,Monthly,1279.69,84.5,Y,1353.89,Harvey Norman,PAYG,159423.95,9565.44,7107.71,2966.06,,360113.80,18/07/2022,Allianz Australia,Loan Market,BRK-0624,BR-118,463,0,0.00,09/01/2025,1279.69,,,,N,N,,,,HL-FHB-VAR,First Home Buyer Variable,Broker,Refinance,Registered First Mortgage,CT-328710,Toorak Council,Rural Residential,1,2,394,231,1965,Y,2506.80,SP 84066,N,,,Silver,295.00,APP-00010030,GRP-000011,Nationwide Conveyancing,Maurice Blackburn,,,,27/03/2025
ACT-0000032,David,Parker,25/08/1989,david.parker@outlook.com,0401956795,Theodore,Parker,37,Charles Circuit,Footscray,VIC,3011,House,769400.00,619367.00,518901.89,0.384,Fixed,360,01/05/2022,29/05/2022,ACTIVE,Monthly,3177.87,80.5,,,,,,,5720.26,14165.29,43876.02,880542.18,01/12/2023,ANZ Lenders Mortgage Insurance,PLAN Australia,BRK-1247,BR-103,346,0,0.00,23/02/2025,3177.87,,,,N,Y,01/05/2023,01/05/2024,,HL-STD-FIX,Standard Fixed,Broker,Refinance,Equitable Mortgage,CT-564837,Footscray Council,Residential,2,3,483,124,1961,N,,,N,,,Bronze,195.00,APP-00010031,GRP-000011,Conveyancing Works,Gadens,,,,21/03/2025
ACT-0000033,William,Phillips,1959-03-06,william.phillips@outlook.com,0425364021,Sophie,Phillips,70,Church Terrace,Manly,NSW,2095,House,410300.00,324137.00,234874.82,0.485,Fixed,360,2019-08-03,2019-09-01,ACTIVE,Monthly,1905.74,79.0,N,,,Contract,,,4782.26,9778.95,22467.57,549623.69,2019-08-03,Allianz Australia,,,BR-023,826,0,0.00,2025-02-05,1905.74,25141.26,,OFF-0000033,N,N,,2023-08-03,,HL-IO-VAR,Interest Only Variable,Branch,Renovation,Registered Second Mortgage,CT-148383,Manly Council,Rural Residential,2,1,879,366,1996,N,,,N,,,None,0.00,APP-00010032,GRP-000011,Easy Settlements,Slater & Gordon,,,,2025-03-12
ACT-0000034,Joseph,Hall,06/11/1965,joseph.hall@gmail.com,0431282720,,,191,Railway Circuit,Manly,NSW,2095,House,514500.00,402853.50,352603.78,,Variable,300,17/07/2021,10/08/2021,ACTIVE,Monthly,2975.69,78.3,N,,QLD Government,Contract,173560.56,10413.63,6768.60,1765.72,5942.36,617619.82,17/03/2023,,,,BR-120,319,0,0.00,09/02/2025,2975.69,,,,N,N,,,0.71,HL-IO-FIX,Interest Only Fixed,Mobile,Investment,Equitable Mortgage,CT-724229,Manly Council,Residential,2,3,676,224,2002,N,,,N,,,Silver,295.00,APP-00010033,GRP-000012,PEXA Direct,Mills Oakley,,,,05/03/2025
ACT-0000035,Joseph,Collins,22/10/1992,joseph.collins@gmail.com,0406853401,,,87,Banksia Avenue,Armadale,WA,6112,Land,152700.00,81694.50,63386.07,,Variable,360,10/12/2020,14/01/2021,ACTIVE,Fortnightly,219.59,53.5,N,,Westpac Group,PAYG,,,6931.04,1623.76,9900.27,188604.20,10/10/2022,Suncorp,Connective,BRK-2940,BR-042,675,0,0.00,08/01/2025,219.59,,20311.84,,Y,N,,,0.26,HL-IO-FIX,Interest Only Fixed,Broker,Equity Release,Equitable Mortgage,CT-365599,Armadale Council,Residential,,,940,,,N,,,N,,,None,0.00,APP-00010034,GRP-000012,PEXA Direct,HWL Ebsworth,,,,19/03/2025
ACT-0000036,Ava,Green,24/09/1989,ava.green@outlook.com,0425196935,,,48,Bridge Court,Blacktown,NSW,2148,Unit,283800.00,163185.00,111788.26,0.018,Variable,360,10/10/2017,12/11/2017,ACTIVE,Monthly,468.28,57.5,N,,Canva,Contract,175143.11,10508.59,4002.54,,,388444.01,10/05/2019,Helia,,,BR-023,492,0,0.00,03/03/2025,468.28,,,,N,N,,,0.68,HL-FHB-VAR,First Home Buyer Variable,Online,Investment,Registered Second Mortgage,CT-442248,Blacktown Council,Residential,3,2,864,227,1979,Y,915.32,SP 45334,N,,,Silver,295.00,APP-00010035,GRP-000012,Conveyancing Works,HWL Ebsworth,,,,12/03/2025
ACT-0000037,Mason,Peterson,17/03/1981,mason.peterson@icloud.com,0460404647,Jack,Watson,41,Eucalyptus Crescent,Southbank,QLD,4101,Townhouse,314100.00,284888.70,206911.99,0.327,Variable,360,11/05/2019,15/06/2019,ACTIVE,Monthly,1347.60,90.7,,,,PAYG,231485.13,13889.11,5857.86,,,406906.75,,,Loan Market,BRK-2437,BR-007,322,0,0.00,07/03/2025,1347.60,,,,N,N,,,1.39,HL-STD-FIX,Standard Fixed,Broker,Renovation,Registered Second Mortgage,CT-443682,Southbank Council,Rural Residential,3,2,569,144,1980,Y,744.67,SP 88697,N,,,Gold,395.00,APP-00010036,GRP-000013,Conveyancing Works,Mills Oakley,,,,16/03/2025
ACT-0000038,Lily,Hall,06/08/1992,lily.hall@hotmail.com,0482767530,,,145,Ocean Close,West End,QLD,4101,Land,178000.00,124066.00,117860.77,0.422,Fixed,360,25/09/2024,13/10/2024,CLOSED,Monthly,670.75,69.7,N,,,PAYG,,,7868.59,,4146.81,191119.80,,Allianz Australia,,,BR-056,878,0,0.00,,,,,,N,N,,25/09/2026,,HL-STD-VAR,Standard Variable,Phone,Equity Release,Registered First Mortgage,CT-139931,West End Council,Residential,,,631,,,N,,,N,,,Platinum,595.00,APP-00010037,GRP-000013,Conveyancing Works,Maurice Blackburn,09/02/2025,Refinanced,,13/03/2025
ACT-0000039,Christopher,Smith,1982-12-28,christopher.smith@outlook.com,0409475098,,,105,Smith Parade,Redcliffe,QLD,4020,House,518300.00,309943.40,212548.88,0.605,Variable,360,2016-03-10,2016-03-31,ACTIVE,Fortnightly,976.53,59.8,N,,Santos Limited,PAYG,,,2149.40,,,756156.01,2016-10-10,ANZ Lenders Mortgage Insurance,,,BR-144,326,0,0.00,2025-03-14,976.53,21579.28,,OFF-0000039,N,N,,,0.81,HL-PKG-FIX,Package Fixed,Mobile,Investment,Registered First Mortgage,CT-102866,Redcliffe Council,Mixed Use,3,1,840,268,2006,N,,,N,,,Gold,395.00,APP-00010038,GRP-000013,Settlex,Slater & Gordon,,,,2025-03-26
ACT-0000040,Sandra,Robinson,14/11/1984,sandra.robinson@gmail.com,0422996791,,,,,,SA,5211,House,301900.00,165139.30,108461.02,0.397,Split,360,10/02/2015,11/03/2015,ACTIVE,Monthly,862.34,54.7,N,,,PAYG,130307.40,7818.44,,11545.63,,444822.21,10/02/2015,Allianz Australia,Mortgage Choice,BRK-2775,BR-075,596,0,0.00,19/01/2025,862.34,61925.97,,OFF-0000040,N,N,,,,HL-LDL-VAR,Low Doc Variable,Broker,Investment,Registered Second Mortgage,CT-196498,Victor Harbor Council,Mixed Use,1,2,219,165,1963,N,,,N,,,Bronze,195.00,APP-00010039,GRP-000014,Settlex,Maurice Blackburn,,,,13/03/2025
ACT-0000041,Theodore,Roberts,22/10/1995,theodore.roberts@protonmail.com,0460808938,Joseph,Roberts,185,Church Circuit,Prospect,SA,5082,Unit,164200.00,73233.20,43771.63,0.469,Fixed,300,07/11/2014,17/12/2014,ACTIVE,Monthly,455.10,44.6,N,,,Contract,183976.23,11038.57,3687.68,6825.36,24640.64,240245.99,,ANZ Lenders Mortgage Insurance,,,BR-167,875,0,0.00,21/03/2025,455.10,8383.85,,OFF-0000041,N,N,,07/11/2018,,HL-IO-VAR,Interest Only Variable,Branch,Renovation,Registered Second Mortgage,CT-873426,Prospect Council,Rural Residential,1,2,296,268,1977,Y,539.57,SP 19144,N,,,None,0.00,APP-00010040,GRP-000014,PEXA Direct,Mills Oakley,,,,21/03/2025
ACT-0000042,Ashley,Hall,21/07/1980,ashley.hall@outlook.com,0424285403,,,102,High Lane,Cranbourne,VIC,3977,House,727700.00,0.00,0.00,0.353,Variable,180,01/05/2021,31/05/2021,ACTIVE,Monthly,0.00,56.7,N,,,,,,3311.63,,19113.38,896441.73,01/11/2021,CommInsure,,,BR-169,628,0,0.00,19/02/2025,0.00,,21115.07,,Y,Y,01/05/2024,,0.28,HL-IO-FIX,Interest Only Fixed,Branch,Refinance,Registered Second Mortgage,CT-437767,Cranbourne Council,Residential,2,1,737,333,2024,N,,,N,,,None,0.00,APP-00010041,GRP-000014,Easy Settlements,Gadens,,,,25/03/2025
ACT-0000043,Barbara,Stewart,26/03/1960,barbara.stewart@yahoo.com.au,0412534001,,,153,Market Boulevard,Townsville,QLD,4810,Land,150000.00,95550.00,59447.64,0.060,Split,360,07/02/2015,13/03/2015,ACTIVE,Monthly,295.16,63.7,N,,Kmart Australia,PAYG,218290.78,13097.45,7318.88,12685.73,,226084.51,07/03/2016,Allianz Australia,Liberty Network Services,BRK-3047,BR-180,545,0,0.00,14/01/2025,295.16,,,,N,Y,07/02/2020,,,HL-PKG-VAR,Package Variable,Broker,Equity Release,Equitable Mortgage,CT-983604,Townsville Council,Rural Residential,,,472,,,N,,,N,,,None,0.00,APP-00010042,GRP-000015,Conveyancing Works,HWL Ebsworth,,,,19/03/2025
ACT-0000044,Karen,Adams,08/03/1965,karen.adams@hotmail.com,0427570276,Elijah,Adams,155,High Court,Liverpool,NSW,2170,Unit,570600.00,306412.20,265071.68,0.037,Variable,300,26/04/2023,27/05/2023,ACTIVE,Monthly,1080.03,53.7,N,,Macquarie Group,Contract,62527.86,3751.67,5365.15,4939.46,38132.41,680235.14,26/12/2023,IAG,Liberty Network Services,BRK-2777,BR-148,613,0,0.00,09/03/2025,1080.03,,24187.75,,Y,N,,,0.06,HL-SPL-MIX,Split Rate Mix,Broker,Investment,Equitable Mortgage,CT-071721,Liverpool Council,Mixed Use,4,2,471,312,1991,Y,2610.00,SP 74156,N,,,Silver,295.00,APP-00010043,GRP-000015,PEXA Direct,Gadens,,,,27/03/2025
ACT-0000045,Barbara,Thomas,28/09/1966,barbara.thomas@protonmail.com,0401553103,,,104,Bridge Lane,Joondalup,WA,6027,Unit,320500.00,255759.00,220707.05,0.345,Variable,360,03/01/2021,27/01/2021,CLOSED,Fortnightly,573.50,79.8,N,,Santos Limited,Contract,59707.61,3582.46,7682.26,,11281.16,387820.66,03/03/2021,Suncorp,,,BR-016,711,0,0.00,,,,,,N,N,,,0.74,HL-BRG-VAR,Bridging Variable,Phone,Equity Release,Registered First Mortgage,CT-713905,Joondalup Council,Rural Residential,2,2,545,356,1985,Y,682.86,SP 47351,N,,,Silver,295.00,APP-00010044,GRP-000015,Settlex,HWL Ebsworth,24/02/2025,Sold,,21/03/2025
ACT-0000046,Chloe,Walker,06/03/2000,chloe.walker@icloud.com,0435505300,,,124,Smith Parade,Penrith,NSW,2750,House,690100.00,436143.20,363685.51,0.450,Fixed,360,04/01/2020,09/02/2020,ACTIVE,Fortnightly,1130.67,63.2,N,,Computershare,PAYG,127755.96,7665.36,2885.00,,12299.20,894532.54,04/11/2020,Helia,,,BR-017,851,0,0.00,17/03/2025,1130.67,41767.69,,OFF-0000046,N,Y,04/01/2025,04/01/2025,,HL-CON-VAR,Construction Variable,Mobile,Purchase,Registered Second Mortgage,CT-375423,Penrith Council,Residential,1,3,535,174,1972,N,,,N,,,Gold,395.00,APP-00010045,GRP-000016,Easy Settlements,Slater & Gordon,,,,26/03/2025
ACT-0000047,Lisa,Adams,10/04/1971,lisa.adams@gmail.com,0472385872,,,178,Bridge Close,Elizabeth,SA,5112,House,305000.00,261080.00,223014.01,0.507,Variable,360,09/08/2021,29/08/2021,DISCHARGED,Monthly,1579.46,85.6,,,,Contract,,,5846.69,,28052.20,383619.23,09/10/2021,,,,BR-094,522,0,0.00,,,,14936.83,,Y,N,,,1.09,HL-IO-VAR,Interest Only Variable,Branch,Equity Release,Registered Second Mortgage,CT-062501,Elizabeth Council,Mixed Use,1,3,998,215,1969,N,,,N,,,Silver,295.00,APP-00010046,GRP-000016,Settlex,Gadens,09/08/2022,Sold,,11/03/2025
ACT-0000048,Zoe,Cooper,03/11/1969,zoe.cooper@yahoo.com.au,0476318993,,,126,George Crescent,Randwick,NSW,2031,Townhouse,610000.00,392840.00,270470.87,0.036,Fixed,360,01/06/2016,10/07/2016,ACTIVE,Monthly,1163.60,64.4,N,,,,72546.49,4352.79,3368.00,,31910.56,875601.54,01/09/2017,ANZ Lenders Mortgage Insurance,,,BR-104,316,0,0.00,05/02/2025,1163.60,71210.68,,OFF-0000048,N,N,,01/06/2021,,HL-STD-FIX,Standard Fixed,Phone,Investment,Equitable Mortgage,CT-747283,Randwick Council,Mixed Use,1,3,982,318,1991,Y,2635.93,SP 34271,N,,,Bronze,195.00,APP-00010047,GRP-000016,Conveyancing Works,Gadens,,,,20/03/2025
ACT-0000049,Mason,King,02/07/1976,mason.king@gmail.com,0448334592,Logan,King,198,Jacaranda Close,Castle Hill,NSW,2154,House,856900.00,782349.70,652322.61,0.590,Variable,360,10/05/2022,19/06/2022,ACTIVE,Monthly,5248.81,91.3,Y,10669.91,Westpac Group,PAYG,,,,,9373.13,1057071.53,10/08/2022,,Liberty Network Services,BRK-2438,BR-007,345,0,0.00,27/02/2025,5248.81,,467.58,,Y,N,,,0.44,HL-LDL-VAR,Low Doc Variable,Broker,Purchase,Equitable Mortgage,CT-520906,Castle Hill Council,Mixed Use,3,1,992,372,1989,N,,,N,,,Bronze,195.00,APP-00010048,GRP-000017,Nationwide Conveyancing,Maurice Blackburn,,,,11/03/2025
ACT-0000050,Aria,Morris,03/09/1964,aria.morris@bigpond.com,0418778749,,,54,King Close,Fremantle,WA,6160,House,479800.00,266289.00,193086.36,0.603,Variable,360,11/11/2018,23/12/2018,ACTIVE,Monthly,1814.09,55.5,N,,Dexus,Contract,,,5535.72,14748.65,30144.83,650024.78,11/01/2019,,,,BR-146,835,0,0.00,09/03/2025,1814.09,,4645.62,,Y,N,,,1.12,HL-STD-FIX,Standard Fixed,Broker,Refinance,Equitable Mortgage,CT-622188,Fremantle Council,Residential,4,1,759,189,1980,N,,,N,,,Bronze,195.00,APP-00010049,GRP-000017,Nationwide Conveyancing,Mills Oakley,,,,19/03/2025
ACT-0000051,Barbara,Thompson,02/10/1955,barbara.thompson@yahoo.com.au,0488934100,Theodore,Thompson,,Charles Way,Castle Hill,NSW,2154,Townhouse,347900.00,240398.90,203253.57,0.526,Variable,360,14/08/2022,26/09/2022,ACTIVE,Monthly,1490.43,69.1,N,,Woodside Energy,Contract,,,5922.07,,,426522.44,,,,,BR-046,580,0,0.00,12/03/2025,1490.43,,,,N,N,,,1.08,HL-PKG-FIX,Package Fixed,Phone,Renovation,Equitable Mortgage,CT-302128,Castle Hill Council,Mixed Use,1,2,990,201,2021,Y,564.82,SP 42794,N,,,Gold,395.00,APP-00010050,GRP-000017,Easy Settlements,Maurice Blackburn,,,,10/03/2025
ACT-0000052,Lucas,Thomas,04/01/1957,lucas.thomas@outlook.com,0414657889,Steven,Thomas,100,Harbour Drive,Glenelg,SA,5045,House,445600.00,364500.80,324444.08,0.515,Split,360,08/03/2022,01/04/2022,CLOSED,Fortnightly,1027.94,81.8,,,Cochlear Limited,Contract,89728.65,5383.72,4270.13,11370.41,,517482.27,08/08/2022,,Loan Market,BRK-0250,BR-046,849,0,0.00,,,,,,N,N,,,,HL-CON-VAR,Construction Variable,Broker,Refinance,Registered First Mortgage,CT-353996,Glenelg Council,Residential,3,2,400,182,1988,N,,,N,,,Bronze,195.00,APP-00010051,GRP-000018,Nationwide Conveyancing,Mills Oakley,01/02/2025,Paid Out,,09/03/2025
ACT-0000053,Ashley,Robinson,09/11/1992,ashley.robinson@outlook.com,0428743395,,,25,Railway Lane,Chatswood,NSW,2067,House,519400.00,423830.40,284472.38,0.477,Fixed,360,09/09/2016,10/10/2016,ACTIVE,Monthly,2465.85,81.6,,,GPT Group,Contract,,,5911.48,13174.36,,726437.92,,Helia,,,BR-088,810,0,0.00,25/02/2025,2465.85,,,,N,N,,09/09/2021,,HL-INV-FIX,Investor Fixed,Mobile,Construction,Equitable Mortgage,CT-246724,Chatswood Council,Rural Residential,3,2,866,178,2003,N,,,Y,Steven Williams,Spouse,None,0.00,APP-00010052,GRP-000018,Easy Settlements,Holding Redlich,,,,03/03/2025
ACT-0000054,Christopher,Hall,17/03/1965,christopher.hall@protonmail.com,0401238765,,,181,Bridge Parade,Norwood,SA,5067,House,474200.00,340949.80,294450.86,0.429,Fixed,360,17/09/2023,10/10/2023,ACTIVE,Monthly,1861.98,71.9,N,,Macquarie Group,PAYG,,,7234.28,4938.16,39630.92,547590.07,17/05/2025,QBE Insurance,AFG,BRK-0137,BR-087,330,0,0.00,28/02/2025,1861.98,,26571.33,,Y,N,,17/09/2028,,HL-SMSF-VAR,SMSF Variable,Broker,Construction,Registered Second Mortgage,CT-730491,Norwood Council,Residential,2,1,730,208,1965,N,,,N,,,Silver,295.00,APP-00010053,GRP-000018,PEXA Direct,Holding Redlich,,,,10/03/2025
ACT-0000055,Archer,Brown,18/08/1998,archer.brown@yahoo.com.au,0408684542,Zoe,Brown,35,Victoria Drive,Joondalup,WA,6027,House,572500.00,396742.50,269842.86,0.442,Fixed,360,19/04/2016,06/05/2016,ACTIVE,Monthly,2204.00,69.3,N,,,,,,3353.17,6300.55,,828586.25,19/10/2017,,,,BR-190,806,0,0.00,26/01/2025,2204.00,77803.81,,OFF-0000055,N,N,,19/04/2018,,HL-SPL-MIX,Split Rate Mix,Branch,Investment,Registered Second Mortgage,CT-197984,Joondalup Council,Mixed Use,2,3,431,253,2015,N,,,N,,,Silver,295.00,APP-00010054,GRP-000019,Easy Settlements,Maurice Blackburn,,,,23/03/2025
ACT-0000056,Amelia,King,26/03/1959,amelia.king@icloud.com,0492833389,,,195,Bridge Road,Marrickville,NSW,2204,House,878800.00,702161.20,675299.12,0.543,Fixed,300,02/05/2025,17/05/2025,ACTIVE,Monthly,4750.36,79.9,N,,,Contract,,,,6768.82,40019.88,912485.52,02/04/2026,,Mortgage Choice,BRK-0723,BR-174,467,0,0.00,18/03/2025,4750.36,,,,N,N,,02/05/2027,,HL-CON-VAR,Construction Variable,Broker,Construction,Registered First Mortgage,CT-046994,Marrickville Council,Rural Residential,3,1,527,291,1983,N,,,Y,Benjamin Cooper,Parent,None,0.00,APP-00010055,GRP-000019,Conveyancing Works,Maurice Blackburn,,,,24/03/2025
ACT-0000057,Oliver,Green,17/05/1962,oliver.green@gmail.com,0477194381,Lucas,Green,3,Jacaranda Lane,Hawthorn,VIC,3122,House,486700.00,279852.50,262466.80,0.365,Fixed,360,18/03/2025,04/04/2025,ACTIVE,Fortnightly,645.63,57.5,N,,,,182876.55,10972.59,3055.82,,,540421.70,18/04/2025,Helia,National Mortgage Brokers,BRK-2083,BR-167,678,0,0.00,07/01/2025,645.63,32267.50,4177.52,OFF-0000057,Y,N,,18/03/2026,,HL-STD-FIX,Standard Fixed,Broker,Refinance,Registered Second Mortgage,CT-957453,Hawthorn Council,Mixed Use,2,3,258,367,1980,N,,,N,,,Silver,295.00,APP-00010056,GRP-000019,Settlex,Holding Redlich,,,,10/03/2025
ACT-0000058,Jennifer,Edwards,20/06/1976,jennifer.edwards@yahoo.com.au,0485671302,,,80,Eucalyptus Lane,Prospect,SA,5082,House,417500.00,371575.00,328050.83,0.574,Variable,360,25/11/2024,27/12/2024,ACTIVE,Monthly,2444.55,89.0,Y,2551.70,Computershare,Contract,194929.94,11695.80,3053.30,,46458.88,448805.39,25/04/2026,IAG,Connective,BRK-2622,BR-159,485,0,0.00,14/01/2025,2444.55,42623.72,1953.06,OFF-0000058,Y,N,,,0.08,HL-STD-FIX,Standard Fixed,Broker,Refinance,Registered First Mortgage,CT-170252,Prospect Council,Residential,1,3,788,230,2011,N,,,N,,,None,0.00,APP-00010057,GRP-000020,Nationwide Conveyancing,Holding Redlich,,,,18/03/2025
ACT-0000059,Christopher,King,02/02/1976,christopher.king@gmail.com,0414564649,Andrew,Parker,170,Main Avenue,Doncaster,VIC,3108,House,471200.00,293557.60,145196.38,0.563,Variable,360,20/03/2012,14/04/2012,ACTIVE,Monthly,1904.43,62.3,N,,JB Hi-Fi,PAYG,125432.64,7525.96,6960.51,13998.22,31660.74,740332.48,,Helia,Mortgage Choice,BRK-1358,BR-139,377,0,0.00,26/01/2025,1904.43,6292.29,21709.69,OFF-0000059,Y,N,,,1.21,HL-INV-FIX,Investor Fixed,Broker,Refinance,Registered Second Mortgage,CT-594019,Doncaster Council,Mixed Use,4,1,270,339,1998,N,,,N,,,Platinum,595.00,APP-00010058,GRP-000020,PEXA Direct,Maurice Blackburn,,,,05/03/2025
ACT-0000060,Thomas,Turner,23/09/2000,thomas.turner@gmail.com,0486828440,,,,,Surry Hills,NSW,2010,House,799900.00,746306.70,696762.53,0.440,Variable,360,20/03/2023,02/05/2023,ACTIVE,Monthly,4135.07,93.3,Y,5860.00,,PAYG,230807.78,13848.47,4086.46,,22454.22,926736.77,20/09/2024,,,,BR-122,335,0,0.00,18/02/2025,4135.07,,4226.03,,Y,Y,20/03/2024,,0.50,HL-SPL-MIX,Split Rate Mix,Phone,Purchase,Equitable Mortgage,CT-209306,Surry Hills Council,Mixed Use,2,3,975,211,1976,N,,,N,,,Silver,295.00,APP-00010059,GRP-000020,Nationwide Conveyancing,Slater & Gordon,,,,09/03/2025
ACT-0000061,Steven,Adams,14/05/1982,steven.adams@protonmail.com,0440720689,,,97,Market Court,,NSW,2204,House,464200.00,416851.60,325214.57,0.402,Fixed,360,02/03/2020,09/04/2020,ACTIVE,Monthly,2192.20,89.8,Y,5255.03,Officeworks,PAYG,204357.68,12261.46,3554.04,13421.01,,594767.69,02/05/2020,,,,BR-195,582,0,0.00,17/02/2025,2192.20,,,,N,N,,02/03/2022,,HL-INV-VAR,Investor Variable,Online,Renovation,Registered Second Mortgage,CT-641196,Marrickville Council,Residential,1,2,796,184,1991,N,,,N,,,Silver,295.00,APP-00010060,GRP-000021,Conveyancing Works,Slater & Gordon,,,,19/03/2025
ACT-0000062,Elizabeth,Cooper,27/08/1976,elizabeth.cooper@optusnet.com.au,0446665687,Elizabeth,Ward,22,Church Close,Manly,NSW,2095,Unit,265800.00,186591.60,169126.50,0.515,Variable,360,25/12/2025,18/01/2026,ACTIVE,Monthly,1140.36,70.2,N,,,,,,,9722.73,38974.77,291089.23,,Helia,,,BR-165,628,0,0.00,16/03/2025,1140.36,,7145.92,,Y,N,,,0.88,HL-IO-FIX,Interest Only Fixed,Phone,Renovation,Equitable Mortgage,CT-762582,Manly Council,Rural Residential,4,2,632,188,1974,Y,2030.84,SP 15695,N,,,None,0.00,APP-00010061,GRP-000021,PEXA Direct,Holding Redlich,,,,27/03/2025
ACT-0000063,Joseph,Richardson,04/07/1955,joseph.richardson@gmail.com,0454819076,Linda,Gray,52,Queen Drive,Box Hill,VIC,3128,House,716000.00,463252.00,385946.73,0.569,Variable,180,19/06/2022,13/07/2022,ACTIVE,Monthly,4120.86,64.7,N,,Microsoft Australia,PAYG,,,7136.46,4970.86,34161.68,867663.05,,Helia,National Mortgage Brokers,BRK-0681,BR-013,322,0,0.00,07/02/2025,4120.86,,,,N,N,,,0.57,HL-INV-VAR,Investor Variable,Broker,Investment,Equitable Mortgage,CT-576037,Box Hill Council,Mixed Use,4,1,490,188,1993,N,,,N,,,Bronze,195.00,APP-00010062,GRP-000021,Conveyancing Works,HWL Ebsworth,,,,11/03/2025
ACT-0000064,Emily,Rogers,26/04/1958,emily.rogers@gmail.com,0416899496,,,65,Park Way,Camden,NSW,2570,Unit,567600.00,357020.40,329168.91,0.403,Split,360,17/03/2025,05/04/2025,ACTIVE,Fortnightly,868.46,62.9,N,,,PAYG,231930.93,13915.86,6052.92,4410.52,38034.15,591576.03,,,Finsure,BRK-4985,BR-168,887,0,0.00,12/02/2025,868.46,70128.87,,OFF-0000064,N,N,,,,HL-INV-FIX,Investor Fixed,Broker,Construction,Equitable Mortgage,CT-461943,Camden Council,Residential,1,3,408,286,1993,Y,3452.59,SP 18478,N,,,Gold,395.00,APP-00010063,GRP-000022,PEXA Direct,Gadens,,,,03/03/2025
ACT-0000065,Daniel,Taylor,25/10/1984,daniel.taylor@outlook.com,0491245822,Susan,Taylor,52,Harbour Crescent,Bondi,NSW,2026,Unit,480100.00,367276.50,297452.95,0.518,Split,180,23/08/2021,19/09/2021,ACTIVE,Monthly,3141.47,76.5,N,,Afterpay,PAYG,,,6330.04,,46392.88,567313.23,,Helia,Connective,BRK-3464,BR-020,662,0,0.00,08/03/2025,3141.47,,,,N,N,,,,HL-FHB-VAR,First Home Buyer Variable,Broker,Construction,Equitable Mortgage,CT-871301,Bondi Council,Mixed Use,2,1,822,157,1962,Y,1556.40,SP 37855,N,,,Platinum,595.00,APP-00010064,GRP-000022,Nationwide Conveyancing,Slater & Gordon,,,,23/03/2025
ACT-0000066,Archer,White,22/10/1967,archer.white@outlook.com,0418585611,,,69,King Drive,Elizabeth,SA,5112,House,307300.00,248913.00,162586.59,0.401,Fixed,360,04/09/2016,19/09/2016,ACTIVE,Monthly,1307.90,81.0,,,Wesfarmers,PAYG,133319.19,7999.15,,9560.99,38453.93,440439.79,,,Finsure,BRK-1814,BR-140,694,0,0.00,10/03/2025,1307.90,15887.71,,OFF-0000066,N,N,,04/09/2018,,HL-IO-VAR,Interest Only Variable,Broker,Construction,Equitable Mortgage,CT-648411,Elizabeth Council,Residential,2,1,624,130,1960,N,,,N,,,Gold,395.00,APP-00010065,GRP-000022,Nationwide Conveyancing,Holding Redlich,,,,23/03/2025
ACT-0000067,Jennifer,Phillips,10/12/1960,jennifer.phillips@outlook.com,0424117762,Ella,Murphy,49,Pacific Lane,Elizabeth,SA,5112,House,403100.00,320867.60,234202.35,0.595,Fixed,360,15/11/2018,05/12/2018,ACTIVE,Monthly,2164.27,79.6,N,,Xero Australia,Contract,218979.88,13138.79,2022.30,,11223.73,543121.06,,QBE Insurance,,,BR-174,391,0,0.00,26/01/2025,2164.27,,,,N,N,,15/11/2023,,HL-PKG-VAR,Package Variable,Online,Purchase,Registered Second Mortgage,CT-340008,Elizabeth Council,Mixed Use,3,3,748,368,1995,N,,,N,,,Silver,295.00,APP-00010066,GRP-000023,Settlex,Maurice Blackburn,,,,26/03/2025
ACT-0000068,Michael,Lee,22/03/1974,michael.lee@bigpond.com,0420565551,Isabella,Ryan,108,Pacific Place,Salisbury,SA,5108,House,252200.00,208065.00,162813.87,0.005,Fixed,180,26/08/2019,17/09/2019,ACTIVE,Monthly,1161.55,82.5,,,,Contract,166946.63,10016.80,3382.45,,12849.60,331935.43,26/06/2020,,Loan Market,BRK-4398,BR-154,778,0,0.00,27/02/2025,1161.55,9671.80,12193.39,OFF-0000068,Y,N,,26/08/2024,,HL-SPL-MIX,Split Rate Mix,Broker,Investment,Registered Second Mortgage,CT-830592,Salisbury Council,Residential,1,2,987,87,1966,N,,,N,,,Platinum,595.00,APP-00010067,GRP-000023,Easy Settlements,Gadens,,,,05/03/2025
ACT-0000069,Sophie,Nguyen,10/07/1965,sophie.nguyen@outlook.com,0424730953,,,3,Jacaranda Crescent,Newtown,NSW,2042,House,604800.00,455414.40,362410.59,0.493,Variable,360,14/03/2020,06/04/2020,ACTIVE,Fortnightly,1249.67,75.3,N,,Microsoft Australia,PAYG,159920.21,9595.21,6863.82,8362.13,15579.12,793539.95,14/12/2020,,Finsure,BRK-1215,BR-085,410,0,0.00,03/02/2025,1249.67,,,,N,Y,14/03/2024,,1.46,HL-IO-VAR,Interest Only Variable,Broker,Refinance,Registered Second Mortgage,CT-732358,Newtown Council,Rural Residential,3,2,512,258,2002,N,,,N,,,Silver,295.00,APP-00010068,GRP-000023,Nationwide Conveyancing,Gadens,,,,10/03/2025
ACT-0000070,Christopher,Peterson,19/03/1983,christopher.peterson@gmail.com,0456354970,,,42,Banksia Road,Claremont,WA,6010,House,578500.00,459907.50,384444.87,0.480,Variable,360,02/02/2022,16/02/2022,ACTIVE,Fortnightly,1240.76,79.5,N,,Monash University,PAYG,98433.66,5906.02,,,28213.77,663735.72,02/07/2022,IAG,,,BR-049,853,0,0.00,23/03/2025,1240.76,63150.77,,OFF-0000070,N,N,,,1.03,HL-IO-FIX,Interest Only Fixed,Broker,Refinance,Registered Second Mortgage,CT-725884,Claremont Council,Residential,4,2,630,211,1972,N,,,N,,,Silver,295.00,APP-00010069,GRP-000024,PEXA Direct,HWL Ebsworth,,,,19/03/2025
ACT-0000071,Ella,Harris,01/10/1978,ella.harris@icloud.com,0474866872,,,171,Victoria Close,Victor Harbor,SA,5211,House,349900.00,260675.50,186088.41,0.407,Fixed,360,13/06/2017,12/07/2017,ACTIVE,Monthly,1380.57,74.5,N,,,,109549.69,6572.98,7200.89,11980.97,,509285.78,13/11/2017,,PLAN Australia,BRK-4369,BR-164,534,0,0.00,15/01/2025,1380.57,76481.96,,OFF-0000071,N,N,,13/06/2019,,HL-STD-FIX,Standard Fixed,Broker,Renovation,Registered Second Mortgage,CT-202912,Victor Harbor Council,Rural Residential,1,3,774,266,2007,N,,,N,,,Platinum,595.00,APP-00010070,GRP-000024,Conveyancing Works,Mills Oakley,,,,04/03/2025
ACT-0000072,Liam,Williams,01/11/1975,liam.williams@gmail.com,0472578247,,,48,George Way,Surry Hills,NSW,2010,House,587400.00,470507.40,428547.41,0.073,Variable,180,25/05/2024,14/06/2024,ACTIVE,Weekly,644.11,80.1,Y,8217.58,APS Federal,PAYG,,,5585.14,7181.40,18712.77,631044.22,25/10/2025,,,,BR-076,778,0,0.00,03/01/2025,644.11,,,,N,N,,,0.78,HL-SMSF-VAR,SMSF Variable,Phone,Renovation,Registered First Mortgage,CT-253737,Surry Hills Council,Rural Residential,2,2,367,297,2015,N,,,N,,,Silver,295.00,APP-00010071,GRP-000024,Settlex,Holding Redlich,,,,22/03/2025
ACT-0000073,Lucas,Clark,22/06/1981,lucas.clark@icloud.com,0460319620,,,169,King Court,Sutherland,NSW,2232,House,980900.00,648374.90,533419.27,0.382,Variable,300,22/08/2022,24/09/2022,ACTIVE,Monthly,3635.92,66.1,N,,REA Group,Contract,97713.67,5862.82,7139.53,6544.58,20504.65,1132567.69,22/01/2023,,Liberty Network Services,BRK-3556,BR-092,748,0,0.00,05/03/2025,3635.92,631.02,11831.82,OFF-0000073,Y,N,,,0.21,HL-LDL-VAR,Low Doc Variable,Broker,Refinance,Equitable Mortgage,CT-101591,Sutherland Council,Mixed Use,1,2,698,372,1960,N,,,N,,,None,0.00,APP-00010072,GRP-000025,Easy Settlements,HWL Ebsworth,,,,17/03/2025
ACT-0000074,Sophie,Davis,16/04/1978,sophie.davis@hotmail.com,0478075928,Zoe,Morgan,138,Eucalyptus Way,Newtown,NSW,2042,House,547200.00,387964.80,305657.44,0.573,Variable,360,09/10/2019,01/11/2019,ACTIVE,Monthly,2549.41,70.9,N,,Santos Limited,PAYG,,,4471.58,8953.94,,700909.97,09/03/2021,,,,BR-053,736,0,0.00,21/03/2025,2549.41,,,,N,N,,,0.37,HL-INV-VAR,Investor Variable,Phone,Equity Release,Registered Second Mortgage,CT-434006,Newtown Council,Residential,4,1,803,299,1979,N,,,N,,,Bronze,195.00,APP-00010073,GRP-000025,Easy Settlements,Mills Oakley,,,,14/03/2025
ACT-0000075,William,Roberts,07/02/1970,william.roberts@hotmail.com,0439142415,,,31,High Road,Liverpool,NSW,2170,House,536600.00,498501.40,277022.86,0.487,Fixed,300,09/11/2013,22/12/2013,CLOSED,Weekly,729.86,92.9,Y,14210.76,,,108035.53,6482.13,4710.62,5920.10,,816635.53,,,PLAN Australia,BRK-2121,BR-002,884,0,0.00,,,50644.60,,OFF-0000075,N,N,,09/11/2018,,HL-CON-VAR,Construction Variable,Broker,Equity Release,Registered First Mortgage,CT-776119,Liverpool Council,Rural Residential,4,3,666,274,1995,N,,,Y,Robert Jones,Parent,None,0.00,APP-00010074,GRP-000025,PEXA Direct,Maurice Blackburn,09/11/2017,Refinanced,,18/03/2025
ACT-0000076,Leo,Green,04/05/1959,leo.green@gmail.com,0439838255,,,37,Main Street,Brunswick,VIC,3056,Unit,199400.00,123827.40,62463.51,0.495,Fixed,360,04/10/2011,15/11/2011,ACTIVE,Monthly,737.60,62.1,N,,,PAYG,234941.76,14096.51,5616.39,11084.90,,322234.04,,IAG,Connective,BRK-0900,BR-071,826,0,0.00,16/03/2025,737.60,5216.95,18337.53,OFF-0000076,Y,N,,04/10/2014,,HL-SMSF-VAR,SMSF Variable,Broker,Construction,Equitable Mortgage,CT-293893,Brunswick Council,Residential,4,2,549,191,2003,Y,3098.43,SP 78865,N,,,Silver,295.00,APP-00010075,GRP-000026,Settlex,Mills Oakley,,,,20/03/2025
ACT-0000077,Mason,Parker,06/11/1980,mason.parker@optusnet.com.au,0451264309,,,53,Park Way,Ringwood,VIC,3134,House,543900.00,389432.40,267559.78,0.338,Fixed,360,14/10/2017,20/11/2017,ACTIVE,Monthly,1873.02,71.6,N,,APS Federal,PAYG,,,6718.96,14294.82,3734.42,734545.37,14/01/2019,,,,BR-158,584,0,0.00,08/02/2025,1873.02,,15683.55,,Y,N,,14/10/2022,,HL-FHB-VAR,First Home Buyer Variable,Mobile,Investment,Equitable Mortgage,CT-629441,Ringwood Council,Residential,2,3,301,258,2023,N,,,N,,,None,0.00,APP-00010076,GRP-000026,Settlex,HWL Ebsworth,,,,22/03/2025
ACT-0000078,Margaret,Kelly,26/08/1983,margaret.kelly@bigpond.com,0409702686,Michael,Mitchell,172,Acacia Drive,Hawthorn,VIC,3122,House,772800.00,586555.20,416111.90,0.379,Variable,360,24/01/2017,05/03/2017,ACTIVE,Weekly,689.48,75.9,N,,,,103711.32,6222.68,3394.58,14830.12,,1084016.66,,,Connective,BRK-1198,BR-066,668,0,0.00,23/03/2025,689.48,,,,N,N,,,0.11,HL-STD-FIX,Standard Fixed,Broker,Investment,Equitable Mortgage,CT-147354,Hawthorn Council,Mixed Use,4,1,930,371,1990,N,,,N,,,Gold,395.00,APP-00010077,GRP-000026,Settlex,Slater & Gordon,,,,10/03/2025
ACT-0000079,Olivia,Peterson,06/04/1987,olivia.peterson@optusnet.com.au,0414391480,,,139,Eucalyptus Close,Ryde,NSW,2112,House,757500.00,370417.50,314919.39,0.349,Fixed,360,04/10/2024,07/11/2024,ACTIVE,Monthly,1807.57,48.9,N,,ANZ Banking Group,PAYG,114513.59,6870.82,6906.13,8247.76,49361.29,839398.06,04/06/2026,,,,BR-128,648,0,0.00,07/02/2025,1807.57,,5023.50,,Y,N,,04/10/2025,,HL-SMSF-VAR,SMSF Variable,Phone,Equity Release,Equitable Mortgage,CT-947590,Ryde Council,Residential,3,3,772,307,1965,N,,,N,,,Bronze,195.00,APP-00010078,GRP-000027,Easy Settlements,Holding Redlich,,,,03/03/2025
ACT-0000080,Nancy,Ward,21/01/1967,nancy.ward@bigpond.com,0472536114,,,166,Elizabeth Lane,Ryde,NSW,2112,Townhouse,766100.00,645056.20,486896.32,0.601,Fixed,360,21/08/2020,03/10/2020,ACTIVE,Monthly,4386.40,84.2,Y,17095.21,Woolworths Group,PAYG,,,4937.70,,45890.09,948468.77,,Suncorp,,,BR-033,392,0,0.00,12/02/2025,4386.40,,17923.53,,Y,N,,21/08/2024,,HL-PKG-FIX,Package Fixed,Mobile,Equity Release,Registered Second Mortgage,CT-061997,Ryde Council,Residential,1,2,665,212,2012,Y,1232.82,SP 30422,N,,,Platinum,595.00,APP-00010079,GRP-000027,PEXA Direct,Holding Redlich,,,,08/03/2025
ACT-0000081,Sophie,Collins,23/07/1990,sophie.collins@gmail.com,0455943775,,,66,William Close,Mount Barker,SA,5251,House,218500.00,124545.00,109639.06,0.388,Variable,360,03/07/2023,17/07/2023,ACTIVE,Fortnightly,296.61,57.0,N,,Rio Tinto,PAYG,100727.36,6043.64,,,20818.75,252345.94,,ANZ Lenders Mortgage Insurance,,,BR-142,895,0,0.00,15/03/2025,296.61,,7717.39,,Y,N,,,1.17,HL-IO-VAR,Interest Only Variable,Online,Purchase,Equitable Mortgage,CT-762295,Mount Barker Council,Rural Residential,3,1,974,362,1964,N,,,N,,,Platinum,595.00,APP-00010080,GRP-000027,PEXA Direct,Mills Oakley,,,,26/03/2025
ACT-0000082,Michael,Murphy,02/09/1958,michael.murphy@bigpond.com,0412642745,Lisa,Wilson,29,George Parade,Elizabeth,SA,5112,House,530300.00,273634.80,229976.02,0.590,Split,360,03/07/2023,09/08/2023,ACTIVE,Monthly,1834.90,51.6,N,,,,,,3850.09,,6985.71,633728.14,03/09/2023,ANZ Lenders Mortgage Insurance,,,BR-120,516,0,0.00,06/03/2025,1834.90,,23725.69,,Y,N,,,,HL-SPL-MIX,Split Rate Mix,Branch,Refinance,Registered Second Mortgage,CT-402196,Elizabeth Council,Residential,3,2,772,329,2000,N,,,N,,,None,0.00,APP-00010081,GRP-000028,Settlex,HWL Ebsworth,,,Manual review required,26/03/2025
ACT-0000083,Isabella,Robinson,07/02/1987,isabella.robinson@gmail.com,0464552758,,,94,High Boulevard,Carlton,VIC,3053,House,859900.00,449727.70,380029.04,0.581,Variable,360,26/05/2022,23/06/2022,ACTIVE,Monthly,2985.29,52.3,N,,Santos Limited,PAYG,,,,,,1008292.21,,ANZ Lenders Mortgage Insurance,,,BR-072,691,0,0.00,14/01/2025,2985.29,,,,N,N,,,0.38,HL-INV-FIX,Investor Fixed,Phone,Investment,Registered Second Mortgage,CT-614316,Carlton Council,Rural Residential,4,3,631,256,2023,N,,,N,,,Gold,395.00,APP-00010082,GRP-000028,Nationwide Conveyancing,HWL Ebsworth,,,,16/03/2025
ACT-0000084,Sophie,Adams,17/12/1995,sophie.adams@bigpond.com,0417141748,,,137,King Court,Frankston,VIC,3199,House,777200.00,604661.60,454993.06,0.330,Split,360,27/04/2020,31/05/2020,ACTIVE,Monthly,2874.40,77.8,N,,,PAYG,219620.16,13177.21,5813.55,,39772.60,1004951.68,27/05/2021,,Finsure,BRK-0434,BR-170,595,0,0.00,14/02/2025,2874.40,,,,N,N,,,,HL-LDL-VAR,Low Doc Variable,Broker,Refinance,Equitable Mortgage,CT-180826,Frankston Council,Rural Residential,4,1,842,319,2024,N,,,N,,,Platinum,595.00,APP-00010083,GRP-000028,PEXA Direct,Gadens,,,,18/03/2025
ACT-0000085,Richard,Cox,09/09/1961,richard.cox@optusnet.com.au,0483174996,,,14,Railway Road,Southbank,QLD,4101,House,682100.00,475423.70,329656.14,0.591,Variable,180,18/03/2017,02/04/2017,ACTIVE,Monthly,4297.90,69.7,N,,Stockland,PAYG,174772.11,10486.33,6411.86,588.18,,956026.82,18/04/2018,CommInsure,,,BR-138,429,0,0.00,09/03/2025,4297.90,,,,N,N,,,0.06,HL-IO-VAR,Interest Only Variable,Online,Purchase,Registered Second Mortgage,CT-300806,Southbank Council,Mixed Use,2,2,467,188,2013,N,,,N,,,Platinum,595.00,APP-00010084,GRP-000029,Easy Settlements,Mills Oakley,,,,27/03/2025
ACT-0000086,Grace,Johnson,06/06/1990,grace.johnson@gmail.com,0428477983,,,20,Smith Crescent,Werribee,VIC,3030,Land,300800.00,153708.80,125991.92,0.471,Split,360,09/12/2020,29/12/2020,ACTIVE,Fortnightly,409.82,51.1,N,,,,179965.35,10797.92,2762.98,,42282.02,368628.46,09/10/2022,Allianz Australia,Connective,BRK-2605,BR-052,578,0,0.00,15/03/2025,409.82,,15228.20,,Y,N,,,,HL-BRG-VAR,Bridging Variable,Broker,Construction,Registered First Mortgage,CT-183446,Werribee Council,Residential,,,807,,,N,,,N,,,None,0.00,APP-00010085,GRP-000029,Conveyancing Works,Gadens,,,Manual review required,13/03/2025
ACT-0000087,Robert,Edwards,17/04/1965,robert.edwards@icloud.com,0431318311,,,192,Eucalyptus Place,Southbank,QLD,4101,House,608900.00,471288.60,430018.61,,Variable,300,08/04/2024,28/04/2024,ACTIVE,Weekly,642.00,77.4,N,,,Contract,,,2689.51,,,660670.34,,Suncorp,Connective,BRK-3949,BR-151,560,0,0.00,19/01/2025,642.00,,,,N,N,,,1.09,HL-PKG-FIX,Package Fixed,Broker,Renovation,Registered First Mortgage,CT-564823,Southbank Council,Rural Residential,3,2,867,280,2010,N,,,N,,,Platinum,595.00,APP-00010086,GRP-000029,Easy Settlements,HWL Ebsworth,,,,25/03/2025
ACT-0000088,Sarah,Taylor,01/01/1983,sarah.taylor@gmail.com,0480919309,Logan,Robinson,,,Blacktown,NSW,,Townhouse,404600.00,267440.60,234223.71,0.558,Variable,360,08/07/2022,18/08/2022,ACTIVE,Monthly,1725.71,66.1,N,,Coles Group,Contract,204111.52,12246.69,6778.13,14544.55,,481480.83,08/02/2023,Suncorp,AFG,BRK-2981,BR-134,375,0,0.00,21/02/2025,1725.71,25114.72,,OFF-0000088,N,N,,,0.48,HL-IO-VAR,Interest Only Variable,Broker,Equity Release,Registered First Mortgage,CT-893637,Blacktown Council,Mixed Use,3,3,456,136,1991,Y,1643.05,SP 56178,N,,,Silver,295.00,APP-00010087,GRP-000030,Nationwide Conveyancing,Slater & Gordon,,,,28/03/2025
ACT-0000089,Elizabeth,Richardson,19/08/1966,elizabeth.richardson@gmail.com,0476904408,Alexander,Richardson,54,Eucalyptus Crescent,Springfield,QLD,4300,House,638100.00,564080.40,431053.93,0.483,Fixed,180,25/02/2020,23/03/2020,ACTIVE,Fortnightly,2167.56,88.4,Y,16048.65,University of Sydney,PAYG,101494.82,6089.69,3888.58,8003.49,,784006.56,,QBE Insurance,Liberty Network Services,BRK-4361,BR-121,811,0,0.00,16/02/2025,2167.56,,,,N,N,,25/02/2023,,HL-IO-VAR,Interest Only Variable,Broker,Equity Release,Equitable Mortgage,CT-960062,Springfield Council,Rural Residential,3,3,451,228,2005,N,,,N,,,Silver,295.00,APP-00010088,GRP-000030,Nationwide Conveyancing,Maurice Blackburn,,,,06/03/2025
ACT-0000090,Chloe,Murphy,11/01/1972,chloe.murphy@outlook.com,0402595022,William,Richardson,137,George Parade,Launceston,TAS,7250,House,456600.00,336514.20,245459.33,0.592,Variable,360,24/07/2019,20/08/2019,ACTIVE,Monthly,2262.84,73.7,N,,Bunnings,PAYG,172747.70,10364.86,,,3987.92,599402.05,24/10/2019,Genworth,Connective,BRK-2158,BR-086,768,0,0.00,09/03/2025,2262.84,,,,N,N,,,0.26,HL-SMSF-VAR,SMSF Variable,Broker,Construction,Registered First Mortgage,CT-533117,Launceston Council,Residential,1,3,966,285,2014,N,,,N,,,None,0.00,APP-00010089,GRP-000030,PEXA Direct,Mills Oakley,,,,21/03/2025
ACT-0000091,Lucas,Gray,25/07/1963,lucas.gray@yahoo.com.au,0488240601,,,99,King Close,Toorak,VIC,3142,House,899500.00,771771.00,450597.52,,Variable,360,19/12/2014,07/01/2015,ACTIVE,Monthly,10357.19,85.8,,,,,75285.09,4517.11,6386.98,9651.49,4497.44,1323185.62,19/03/2016,IAG,,,BR-150,368,0,0.00,23/02/2025,10357.19,,13484.76,,Y,N,,,0.57,HL-IO-VAR,Interest Only Variable,Mobile,Renovation,Equitable Mortgage,CT-693444,Toorak Council,Mixed Use,2,1,529,106,1961,N,,,N,,,Bronze,195.00,APP-00010090,GRP-000031,Settlex,Mills Oakley,,,,10/03/2025
ACT-0000092,Sophie,Cox,08/12/1987,sophie.cox@icloud.com,0422232475,Michael,Cox,3,Wattle Parade,Springfield,QLD,4300,House,358100.00,271797.90,177760.03,1.441,Fixed,360,18/12/2016,24/01/2017,ACTIVE,Monthly,3939.97,75.9,N,,Afterpay,PAYG,121303.24,7278.19,4514.90,,18192.40,524383.56,,,,,BR-141,460,0,0.00,07/01/2025,3939.97,,,,N,N,,18/12/2017,,HL-STD-FIX,Standard Fixed,Mobile,Refinance,Registered First Mortgage,CT-960605,Springfield Council,Mixed Use,4,3,226,278,1964,N,,,N,,,Platinum,595.00,APP-00010091,GRP-000031,Conveyancing Works,Maurice Blackburn,,,,04/03/2025
ACT-0000093,William,Thomas,1969-06-10,william.thomas@gmail.com,0414914920,,,34,Eucalyptus Terrace,Brighton,VIC,3186,House,621800.00,411009.80,266809.75,0.542,Variable,360,2015-07-20,2015-08-26,DISCHARGED,Monthly,2599.55,66.1,N,,VIC Department of Education,PAYG,,,5124.06,,47921.53,909198.78,2016-04-20,Suncorp,,,BR-187,321,0,0.00,,,,3438.21,,Y,N,,,1.30,HL-SMSF-VAR,SMSF Variable,Phone,Equity Release,Registered First Mortgage,CT-756032,Brighton Council,Mixed Use,2,1,723,259,1975,N,,,N,,,Platinum,595.00,APP-00010092,GRP-000031,Easy Settlements,Holding Redlich,2016-07-20,Refinanced,,2025-03-15
ACT-0000094,Mary,Thompson,01/10/1998,mary.thompson@bigpond.com,0445300847,Robert,Howard,124,George Crescent,Paddington,QLD,4064,Townhouse,401600.00,321280.00,229255.14,0.624,Variable,360,20/07/2017,12/08/2017,ACTIVE,Monthly,2243.18,80.0,N,,,,236364.52,14181.87,2526.02,9028.15,,552079.46,20/01/2019,QBE Insurance,Aussie Home Loans,BRK-3068,BR-036,813,0,0.00,14/03/2025,2243.18,,,,N,N,,,0.76,HL-IO-FIX,Interest Only Fixed,Broker,Investment,Registered First Mortgage,CT-826540,Paddington Council,Mixed Use,3,1,496,204,2001,N,,,N,,,Gold,395.00,APP-00010093,GRP-000032,PEXA Direct,Gadens,,,Manual review required,09/03/2025
ACT-0000095,Mary,Baker,05/04/1976,mary.baker@gmail.com,0452584919,James,Baker,4,Bridge Parade,Mosman,NSW,2088,Townhouse,303900.00,288705.00,242602.97,0.438,Variable,360,03/01/2022,15/02/2022,ACTIVE,Fortnightly,736.71,95.0,Y,7368.48,,,122623.35,7357.40,3706.54,,4202.36,359560.79,,,,,BR-185,765,0,0.00,22/01/2025,736.71,,,,N,N,,,1.24,HL-SMSF-VAR,SMSF Variable,Phone,Purchase,Registered First Mortgage,CT-043445,Mosman Council,Residential,4,3,985,112,1989,N,,,Y,Nancy Williams,Parent,Bronze,195.00,APP-00010094,GRP-000032,Settlex,Gadens,,,,28/03/2025
ACT-0000096,Sarah,White,20/03/1982,sarah.white@yahoo.com.au,0475598743,,,198,,,NSW,2134,House,578800.00,353646.80,246189.25,0.408,Variable,360,01/06/2016,04/07/2016,ACTIVE,Fortnightly,865.32,61.1,N,,Medibank Private,Contract,69525.59,4171.54,6752.90,14726.64,27989.97,847527.93,,ANZ Lenders Mortgage Insurance,,,BR-090,747,0,0.00,11/02/2025,865.32,,,,N,Y,01/06/2020,,0.30,HL-STD-FIX,Standard Fixed,Branch,Construction,Registered First Mortgage,CT-636957,Burwood Council,Rural Residential,1,1,347,163,1960,N,,,N,,,None,0.00,APP-00010095,GRP-000032,Settlex,Gadens,,,,10/03/2025
ACT-0000097,Mia,Davis,09/09/1971,mia.davis@outlook.com,0407793860,,,76,Elizabeth Place,Sutherland,NSW,2232,Townhouse,435700.00,284947.80,229166.71,0.359,Variable,360,17/02/2022,03/03/2022,ACTIVE,Fortnightly,651.22,65.4,N,,Deloitte Australia,Contract,200463.89,12027.83,7579.77,5525.74,33521.03,519843.03,17/08/2022,Helia,,,BR-171,617,0,0.00,24/03/2025,651.22,,,,N,Y,17/02/2024,,0.80,HL-PKG-FIX,Package Fixed,Phone,Investment,Equitable Mortgage,CT-385271,Sutherland Council,Residential,2,3,262,198,1986,N,,,N,,,Platinum,595.00,APP-00010096,GRP-000033,Easy Settlements,Maurice Blackburn,,,,12/03/2025
ACT-0000098,Sandra,Campbell,03/01/1979,sandra.campbell@gmail.com,0494366894,,,,,,VIC,3122,House,582700.00,435276.90,370669.56,,Variable,180,26/06/2022,19/07/2022,ACTIVE,Monthly,3763.88,74.7,N,,,,227289.37,13637.36,4094.35,1546.42,15725.14,675290.25,26/05/2024,,,,BR-184,644,0,0.00,11/01/2025,3763.88,,,,N,N,,,1.43,HL-STD-VAR,Standard Variable,Branch,Construction,Registered Second Mortgage,CT-245108,Hawthorn Council,Mixed Use,1,1,946,273,1979,N,,,N,,,Gold,395.00,APP-00010097,GRP-000033,Settlex,Holding Redlich,,,,27/03/2025
ACT-0000099,Ella,Baker,15/11/1997,ella.baker@yahoo.com.au,0480866782,,,76,Jacaranda Place,Blacktown,NSW,2148,House,634000.00,327778.00,213847.29,,Variable,360,05/08/2016,01/09/2016,ACTIVE,Monthly,2153.15,51.7,N,,Fortescue Metals,PAYG,239187.75,14351.26,5127.55,1559.32,,921617.77,05/09/2017,,Connective,BRK-4669,BR-116,686,0,0.00,07/02/2025,2153.15,20822.17,,OFF-0000099,N,N,,,0.46,HL-SMSF-VAR,SMSF Variable,Broker,Investment,Registered Second Mortgage,CT-670306,Blacktown Council,Residential,2,1,790,266,1989,N,,,Y,Zoe Jones,Parent,None,0.00,APP-00010098,GRP-000033,Easy Settlements,Maurice Blackburn,,,,13/03/2025
ACT-0000100,Mia,Richardson,01/04/1970,mia.richardson@gmail.com,0434344079,Jack,Richardson,96,King Boulevard,Tuggeranong,ACT,2900,House,611700.00,434918.70,280568.85,0.589,Variable,360,06/04/2015,20/04/2015,CLOSED,Monthly,2914.76,71.1,N,,Atlassian,Contract,104589.27,6275.36,4314.36,11978.87,42663.68,926022.12,06/10/2016,ANZ Lenders Mortgage Insurance,,,BR-056,322,0,0.00,,,,14435.72,,Y,N,,,1.13,HL-PKG-FIX,Package Fixed,Phone,Renovation,Registered Second Mortgage,CT-282599,Tuggeranong Council,Residential,3,1,226,118,2021,N,,,N,,,None,0.00,APP-00010099,GRP-000034,Conveyancing Works,Gadens,06/04/2016,Transferred,,11/03/2025
